ISO,Country,Subject Descriptor,Units,Scale,Country/Series-specific Notes,2010,2011,2012,2013,2014,2015,2016,2017,2018,2019,2020,2021,2022,2023,2024,Estimates Start After
AFG,Afghanistan,"Gross domestic product per capita, current prices",U.S. dollars,Units,"See notes for:  Gross domestic product, current prices (National currency) Population (Persons).",532.072,602.183,661.087,635.635,629.332,594.513,560.601,569.531,544.983,513.108,509.759,533.089,566.416,602.884,644.95,2016
ALB,Albania,"Gross domestic product per capita, current prices",U.S. dollars,Units,"See notes for:  Gross domestic product, current prices (National currency) Population (Persons).","4,097.83","4,439.89","4,248.91","4,415.60","4,584.92","3,953.61","4,124.41","4,540.46","5,239.21","5,372.74","5,847.06","6,333.43","6,876.57","7,410.75","7,993.47",2018
DZA,Algeria,"Gross domestic product per capita, current prices",U.S. dollars,Units,"See notes for:  Gross domestic product, current prices (National currency) Population (Persons).","4,480.72","5,453.89","5,574.51","5,477.06","5,466.33","4,153.32","3,918.94","4,012.13","4,080.91","3,980.12","4,039.10","4,032.71","4,055.39","4,047.72","3,768.01",2017
AGO,Angola,"Gross domestic product per capita, current prices",U.S. dollars,Units,"See notes for:  Gross domestic product, current prices (National currency) Population (Persons).","3,641.44","4,716.25","5,245.02","5,436.52","5,625.74","4,354.92","3,676.83","4,303.69","3,620.59","3,037.98","2,867.52","2,897.03","2,953.86","3,045.26","3,120.54",2017
ATG,Antigua and Barbuda,"Gross domestic product per capita, current prices",U.S. dollars,Units,"See notes for:  Gross domestic product, current prices (National currency) Population (Persons).","13,568.91","13,295.36","13,874.19","13,514.89","14,144.12","14,967.36","15,914.68","16,089.36","17,464.34","18,109.10","18,887.45","19,544.78","20,124.74","20,721.91","21,336.80",2011
ARG,Argentina,"Gross domestic product per capita, current prices",U.S. dollars,Units,"See notes for:  Gross domestic product, current prices (National currency) Population (Persons).","10,412.97","12,787.81","13,889.79","14,488.83","13,208.83","14,895.32","12,772.87","14,588.01","11,658.22","9,887.79","9,730.91","10,462.47","11,138.80","11,835.19","12,177.22",2018
ARM,Armenia,"Gross domestic product per capita, current prices",U.S. dollars,Units,"See notes for:  Gross domestic product, current prices (National currency) Population (Persons).","3,121.78","3,417.17","3,575.53","3,732.04","3,889.00","3,529.03","3,524.00","3,868.91","4,187.61","4,527.59","4,759.21","5,059.52","5,378.74","5,702.34","6,043.95",2015
ABW,Aruba,"Gross domestic product per capita, current prices",U.S. dollars,Units,"See notes for:  Gross domestic product, current prices (National currency) Population (Persons).","23,468.60","24,801.81","24,236.81","24,253.14","24,599.30","24,686.16","24,075.52","24,164.36","25,366.48","25,976.24","26,469.45","27,227.77","28,021.82","28,850.49","29,720.46",2017
AUS,Australia,"Gross domestic product per capita, current prices",U.S. dollars,Units,"See notes for:  Gross domestic product, current prices (National currency) Population (Persons).","56,453.66","67,222.19","68,436.08","65,171.23","61,652.51","51,496.63","51,978.95","55,973.64","56,420.20","53,825.16","52,952.27","54,587.90","56,467.99","58,449.93","60,369.33",2018
AUT,Austria,"Gross domestic product per capita, current prices",U.S. dollars,Units,"See notes for:  Gross domestic product, current prices (National currency) Population (Persons).","46,955.17","51,452.29","48,616.90","50,747.38","51,814.42","44,266.42","45,105.31","47,389.37","51,343.51","50,022.61","51,330.46","53,303.75","55,221.18","57,279.41","59,476.96",2018
AZE,Azerbaijan,"Gross domestic product per capita, current prices",U.S. dollars,Units,"See notes for:  Gross domestic product, current prices (National currency) Population (Persons).","5,880.81","7,242.81","7,545.87","7,926.09","7,939.17","5,300.14","3,897.71","4,212.47","4,722.33","4,689.38","4,718.93","4,795.52","4,941.44","5,132.68","5,350.32",2018
BHS,The Bahamas,"Gross domestic product per capita, current prices",U.S. dollars,Units,"See notes for:  Gross domestic product, current prices (National currency) Population (Persons).","29,303.26","28,906.97","30,433.05","29,654.01","30,299.73","32,268.96","32,418.00","32,629.17","32,996.80","33,261.32","33,286.02","34,200.15","35,018.79","35,841.55","36,701.69",2018
BHR,Bahrain,"Gross domestic product per capita, current prices",U.S. dollars,Units,"See notes for:  Gross domestic product, current prices (National currency) Population (Persons).","20,827.72","24,080.43","25,434.45","25,965.31","25,398.32","22,714.28","22,651.91","24,399.25","25,482.74","25,273.15","25,507.49","25,932.82","26,444.25","27,074.86","27,815.13",2016
BGD,Bangladesh,"Gross domestic product per capita, current prices",U.S. dollars,Units,"See notes for:  Gross domestic product, current prices (National currency) Population (Persons).",807.531,857.496,916.025,"1,030.03","1,163.04","1,303.18","1,458.85","1,605.99","1,749.33","1,905.72","2,067.54","2,239.62","2,426.07","2,628.01","2,846.76",2013
BRB,Barbados,"Gross domestic product per capita, current prices",U.S. dollars,Units,"See notes for:  Gross domestic product, current prices (National currency) Population (Persons).","16,203.26","16,599.01","16,371.95","16,556.10","16,572.31","16,589.45","16,947.63","17,423.25","17,758.08","18,069.38","18,486.77","19,156.70","19,913.30","20,703.37","21,521.66",2018
BLR,Belarus,"Gross domestic product per capita, current prices",U.S. dollars,Units,"See notes for:  Gross domestic product, current prices (National currency) Population (Persons).","6,023.15","6,472.74","6,938.07","7,977.15","8,316.01","5,941.24","5,022.47","5,757.29","6,283.48","6,603.92","6,744.24","6,823.12","6,986.48","7,159.08","7,289.03",2018
BEL,Belgium,"Gross domestic product per capita, current prices",U.S. dollars,Units,"See notes for:  Gross domestic product, current prices (National currency) Population (Persons).","44,688.20","47,961.50","44,978.08","46,784.34","47,550.23","40,594.39","41,540.27","43,689.62","46,695.99","45,175.59","45,979.69","47,324.51","48,671.14","50,099.75","51,719.34",2018
BLZ,Belize,"Gross domestic product per capita, current prices",U.S. dollars,Units,"See notes for:  Gross domestic product, current prices (National currency) Population (Persons).","4,316.26","4,475.07","4,588.80","4,599.12","4,742.92","4,811.58","4,806.07","4,828.35","4,862.05","4,925.18","4,978.34","5,036.70","5,090.84","5,146.63","5,099.77",2014
BEN,Benin,"Gross domestic product per capita, current prices",U.S. dollars,Units,"See notes for:  Gross domestic product, current prices (National currency) Population (Persons).","1,037.38","1,130.08","1,145.88","1,251.25","1,291.76","1,076.91","1,086.97","1,136.14","1,241.77","1,216.63","1,274.28","1,365.72","1,459.19","1,556.99","1,663.30",2017
BTN,Bhutan,"Gross domestic product per capita, current prices",U.S. dollars,Units,"See notes for:  Gross domestic product, current prices (National currency) Population (Persons).","1,998.77","2,382.11","2,445.20","2,451.85","2,387.79","2,604.81","2,680.46","2,937.51","3,160.06","3,423.05","3,533.20","3,786.92","4,028.31","4,310.65","4,593.28",2015
BOL,Bolivia,"Gross domestic product per capita, current prices",U.S. dollars,Units,"See notes for:  Gross domestic product, current prices (National currency) Population (Persons).","1,994.91","2,394.79","2,664.57","2,920.52","3,096.84","3,050.65","3,094.99","3,368.76","3,565.50","3,670.96","3,860.62","4,090.25","4,354.61","4,644.58","4,983.39",2012
BIH,Bosnia and Herzegovina,"Gross domestic product per capita, current prices",U.S. dollars,Units,"See notes for:  Gross domestic product, current prices (National currency) Population (Persons).","4,611.35","5,050.03","4,716.64","5,036.03","5,194.01","4,584.26","4,808.30","5,155.55","5,754.74","5,741.76","6,009.57","6,322.16","6,662.60","7,037.41","7,468.04",2018
BWA,Botswana,"Gross domestic product per capita, current prices",U.S. dollars,Units,"See notes for:  Gross domestic product, current prices (National currency) Population (Persons).","6,374.99","7,503.96","7,710.80","7,007.25","7,497.70","6,538.62","6,958.34","7,584.05","7,973.14","7,859.18","8,116.17","8,453.24","8,584.93","8,725.10","8,863.21",2016
BRA,Brazil,"Gross domestic product per capita, current prices",U.S. dollars,Units,"See notes for:  Gross domestic product, current prices (National currency) Population (Persons).","11,327.37","13,295.66","12,426.58","12,357.40","12,175.96","8,845.67","8,751.18","9,926.29","8,958.58","8,796.91","8,955.65","9,344.11","9,738.00","10,167.44","10,606.46",2016
BRN,Brunei Darussalam,"Gross domestic product per capita, current prices",U.S. dollars,Units,"See notes for:  Gross domestic product, current prices (National currency) Population (Persons).","35,437.22","47,092.30","47,772.21","44,860.43","41,947.16","31,355.74","27,318.05","28,236.77","30,668.37","27,871.45","28,396.71","28,714.65","29,303.13","29,827.56","30,413.91",2018
BGR,Bulgaria,"Gross domestic product per capita, current prices",U.S. dollars,Units,"See notes for:  Gross domestic product, current prices (National currency) Population (Persons).","6,743.74","7,836.58","7,399.39","7,667.59","7,888.56","7,017.41","7,496.08","8,275.44","9,313.83","9,518.44","10,133.07","10,887.50","11,650.90","12,445.46","13,316.36",2018
BFA,Burkina Faso,"Gross domestic product per capita, current prices",U.S. dollars,Units,"See notes for:  Gross domestic product, current prices (National currency) Population (Persons).",576.478,667.596,674.21,700.234,704.984,575.604,582.987,643.786,715.769,717.962,757.613,802.158,848.54,897.111,949.687,2018
BDI,Burundi,"Gross domestic product per capita, current prices",U.S. dollars,Units,"See notes for:  Gross domestic product, current prices (National currency) Population (Persons).",231.549,247.097,250.118,267.696,296.186,294.496,298.006,312.463,306.966,309.87,312.732,315.731,323.712,335.157,347.177,0
CPV,Cabo Verde,"Gross domestic product per capita, current prices",U.S. dollars,Units,"See notes for:  Gross domestic product, current prices (National currency) Population (Persons).","3,312.83","3,670.43","3,408.48","3,558.80","3,535.39","2,996.79","3,083.54","3,244.55","3,578.66","3,598.63","3,808.15","4,044.51","4,302.43","4,572.78","4,867.49",2017
KHM,Cambodia,"Gross domestic product per capita, current prices",U.S. dollars,Units,"See notes for:  Gross domestic product, current prices (National currency) Population (Persons).",781.912,877.635,951.077,"1,013.44","1,093.80","1,165.06","1,270.98","1,385.93","1,504.26","1,620.64","1,730.88","1,848.25","1,975.82","2,113.67","2,259.78",2012
CMR,Cameroon,"Gross domestic product per capita, current prices",U.S. dollars,Units,"See notes for:  Gross domestic product, current prices (National currency) Population (Persons).","1,282.37","1,402.98","1,357.15","1,471.21","1,552.47","1,338.60","1,377.85","1,441.55","1,555.67","1,514.60","1,553.75","1,623.26","1,700.81","1,786.67","1,882.44",2010
CAN,Canada,"Gross domestic product per capita, current prices",U.S. dollars,Units,"See notes for:  Gross domestic product, current prices (National currency) Population (Persons).","47,627.32","52,285.94","52,744.03","52,708.61","51,020.69","43,626.43","42,439.65","45,217.03","46,290.22","46,212.84","47,931.46","50,066.62","52,269.46","54,608.46","57,071.60",2018
CAF,Central African Republic,"Gross domestic product per capita, current prices",U.S. dollars,Units,"See notes for:  Gross domestic product, current prices (National currency) Population (Persons).",492.078,548.966,555.404,366.867,403.23,353.807,373.3,415.652,448.74,447.992,471.938,503.055,535.352,568.548,604.346,2004
TCD,Chad,"Gross domestic product per capita, current prices",U.S. dollars,Units,"See notes for:  Gross domestic product, current prices (National currency) Population (Persons).","1,046.82","1,162.73","1,155.55","1,180.36","1,241.00",946.877,860.51,827.149,884.815,861.246,909.686,967.144,"1,030.20","1,069.84","1,122.36",2004
CHL,Chile,"Gross domestic product per capita, current prices",U.S. dollars,Units,"See notes for:  Gross domestic product, current prices (National currency) Population (Persons).","12,793.55","14,610.75","15,307.77","15,804.34","14,643.86","13,572.07","13,775.84","15,075.25","15,901.73","15,399.24","15,854.65","16,619.15","17,437.82","18,290.36","19,172.78",2017
CHN,China,"Gross domestic product per capita, current prices",U.S. dollars,Units,"See notes for:  Gross domestic product, current prices (National currency) Population (Persons).","4,524.06","5,582.89","6,329.46","7,080.83","7,701.69","8,166.76","8,115.83","8,677.40","9,580.24","10,098.87","10,872.50","11,773.10","12,718.79","13,723.67","14,811.79",2018
COL,Colombia,"Gross domestic product per capita, current prices",U.S. dollars,Units,"See notes for:  Gross domestic product, current prices (National currency) Population (Persons).","6,285.20","7,264.11","7,950.37","8,103.47","7,998.83","6,088.68","5,799.62","6,325.49","6,641.51","6,508.13","6,744.01","7,053.53","7,381.73","7,729.02","8,096.64",2018
COM,Comoros,"Gross domestic product per capita, current prices",U.S. dollars,Units,"See notes for:  Gross domestic product, current prices (National currency) Population (Persons).","1,322.64","1,450.16","1,403.42","1,500.73","1,505.18","1,259.83","1,274.44","1,304.77","1,391.38","1,349.79","1,392.94","1,445.07","1,494.87","1,546.66","1,602.22",2015
COD,Democratic Republic of the Congo,"Gross domestic product per capita, current prices",U.S. dollars,Units,"See notes for:  Gross domestic product, current prices (National currency) Population (Persons).",288.015,334.393,368.393,398.627,425.329,435.979,409.046,407.705,495.635,500.554,511.604,520.923,534.258,550.676,565.022,1983
COG,Republic of Congo,"Gross domestic product per capita, current prices",U.S. dollars,Units,"See notes for:  Gross domestic product, current prices (National currency) Population (Persons).","3,363.89","3,951.72","3,556.02","3,561.11","3,492.50","2,067.09","1,835.81","2,054.53","2,617.52","2,534.49","2,464.87","2,391.24","2,280.66","2,239.22","2,244.35",2017
CRI,Costa Rica,"Gross domestic product per capita, current prices",U.S. dollars,Units,"See notes for:  Gross domestic product, current prices (National currency) Population (Persons).","8,264.20","9,260.86","10,054.53","10,632.95","10,679.13","11,422.60","11,779.24","11,810.18","12,039.11","12,014.80","12,690.59","13,214.90","13,758.79","14,331.70","14,946.58",2018
CIV,Côte d'Ivoire,"Gross domestic product per capita, current prices",U.S. dollars,Units,"See notes for:  Gross domestic product, current prices (National currency) Population (Persons).","1,193.21","1,199.68","1,220.33","1,388.02","1,528.19","1,397.30","1,450.92","1,527.83","1,680.97","1,691.31","1,793.70","1,919.65","2,045.78","2,160.53","2,280.76",2015
HRV,Croatia,"Gross domestic product per capita, current prices",U.S. dollars,Units,"See notes for:  Gross domestic product, current prices (National currency) Population (Persons).","13,550.44","14,575.90","13,249.45","13,664.97","13,610.80","11,779.01","12,367.80","13,382.06","14,870.42","14,949.76","15,645.78","16,605.60","17,297.84","18,317.62","19,372.27",2018
CYP,Cyprus,"Gross domestic product per capita, current prices",U.S. dollars,Units,"See notes for:  Gross domestic product, current prices (National currency) Population (Persons).","31,260.14","32,699.81","29,066.92","27,825.18","27,273.65","23,248.20","24,119.72","25,957.85","28,341.05","27,719.69","28,626.57","30,014.18","31,383.73","32,713.45","34,190.40",2018
CZE,Czech Republic,"Gross domestic product per capita, current prices",U.S. dollars,Units,"See notes for:  Gross domestic product, current prices (National currency) Population (Persons).","19,831.40","21,736.84","19,739.90","19,912.51","19,768.84","17,728.70","18,485.24","20,409.98","23,112.59","23,213.95","24,569.06","25,881.83","27,205.52","28,569.08","30,070.30",2018
DNK,Denmark,"Gross domestic product per capita, current prices",U.S. dollars,Units,"See notes for:  Gross domestic product, current prices (National currency) Population (Persons).","58,177.16","61,864.09","58,623.41","61,325.58","62,729.50","53,478.50","54,665.22","57,380.20","60,897.23","59,795.27","61,732.57","64,106.78","66,656.96","69,413.32","72,325.94",2018
DJI,Djibouti,"Gross domestic product per capita, current prices",U.S. dollars,Units,"See notes for:  Gross domestic product, current prices (National currency) Population (Persons).","1,833.85","2,011.15","2,137.60","2,235.73","2,359.42","2,532.60","2,638.00","2,711.46","2,786.79","2,936.21","3,088.17","3,247.98","3,416.07","3,592.85","3,778.79",2018
DMA,Dominica,"Gross domestic product per capita, current prices",U.S. dollars,Units,"See notes for:  Gross domestic product, current prices (National currency) Population (Persons).","6,975.99","7,082.73","6,870.30","7,096.22","7,402.80","7,645.44","8,135.09","7,401.09","7,541.63","8,380.98","8,948.65","9,497.37","10,033.05","10,447.32","10,814.36",2011
DOM,Dominican Republic,"Gross domestic product per capita, current prices",U.S. dollars,Units,"See notes for:  Gross domestic product, current prices (National currency) Population (Persons).","5,688.75","6,063.35","6,274.87","6,413.93","6,805.66","7,139.51","7,521.27","7,874.94","8,340.96","8,629.25","9,194.69","9,797.19","10,408.29","11,059.40","11,739.56",2018
ECU,Ecuador,"Gross domestic product per capita, current prices",U.S. dollars,Units,"See notes for:  Gross domestic product, current prices (National currency) Population (Persons).","4,633.25","5,192.88","5,664.89","6,030.50","6,347.00","6,099.35","6,046.30","6,216.61","6,367.59","6,249.39","6,250.12","6,345.86","6,502.38","6,644.17","6,783.29",2018
EGY,Egypt,"Gross domestic product per capita, current prices",U.S. dollars,Units,"See notes for:  Gross domestic product, current prices (National currency) Population (Persons).","2,921.76","3,077.34","3,383.11","3,400.32","3,524.42","3,731.18","3,686.07","2,495.02","2,573.29","3,046.59","3,478.11","3,626.62","3,740.96","3,863.80","4,042.32",2018
SLV,El Salvador,"Gross domestic product per capita, current prices",U.S. dollars,Units,"See notes for:  Gross domestic product, current prices (National currency) Population (Persons).","2,978.76","3,251.08","3,400.18","3,466.38","3,529.55","3,628.06","3,704.24","3,787.33","3,922.26","4,008.02","4,126.15","4,250.39","4,375.30","4,521.32","4,667.91",2018
GNQ,Equatorial Guinea,"Gross domestic product per capita, current prices",U.S. dollars,Units,"See notes for:  Gross domestic product, current prices (National currency) Population (Persons).","17,136.45","21,451.89","21,557.65","20,246.99","19,245.65","11,213.47","9,196.29","9,692.34","10,453.13","8,927.44","8,273.83","7,798.98","7,405.70","7,206.86","7,058.91",2015
ERI,Eritrea,"Gross domestic product per capita, current prices",U.S. dollars,Units,"See notes for:  Gross domestic product, current prices (National currency) Population (Persons).",311.985,395.773,422.28,358.537,466.618,352.323,380.485,323.508,331.862,342.6,349.788,364.929,392.446,412.806,434.657,2006
EST,Estonia,"Gross domestic product per capita, current prices",U.S. dollars,Units,"See notes for:  Gross domestic product, current prices (National currency) Population (Persons).","14,818.44","17,644.04","17,544.54","19,179.84","20,387.09","17,531.06","18,244.65","20,381.01","23,330.28","23,523.60","24,802.77","26,468.05","28,155.78","29,886.74","31,776.20",2018
SWZ,Eswatini,"Gross domestic product per capita, current prices",U.S. dollars,Units,"See notes for:  Gross domestic product, current prices (National currency) Population (Persons).","4,263.91","4,603.20","4,628.25","4,326.00","4,133.03","3,779.60","3,536.60","4,072.02","4,267.11","4,176.75","4,244.99","4,323.05","4,462.83","4,620.46","4,782.51",2017
ETH,Ethiopia,"Gross domestic product per capita, current prices",U.S. dollars,Units,"See notes for:  Gross domestic product, current prices (National currency) Population (Persons).",360.829,379.381,493.321,535.264,613.101,702.767,777.294,817.49,852.883,953.179,"1,066.20","1,161.57","1,248.69","1,328.18","1,411.77",2016
FJI,Fiji,"Gross domestic product per capita, current prices",U.S. dollars,Units,"See notes for:  Gross domestic product, current prices (National currency) Population (Persons).","4,005.09","4,790.87","5,017.72","5,268.42","5,611.17","5,362.56","5,614.41","6,071.67","6,208.26","6,379.71","6,737.43","7,129.03","7,543.39","7,989.58","8,453.96",2017
FIN,Finland,"Gross domestic product per capita, current prices",U.S. dollars,Units,"See notes for:  Gross domestic product, current prices (National currency) Population (Persons).","46,388.41","50,971.27","47,554.46","49,765.44","50,087.91","42,576.49","43,574.35","45,948.22","49,737.55","48,868.74","50,774.20","52,865.73","55,016.98","57,145.12","59,480.22",2018
FRA,France,"Gross domestic product per capita, current prices",U.S. dollars,Units,"See notes for:  Gross domestic product, current prices (National currency) Population (Persons).","42,178.58","45,419.97","42,372.07","44,144.62","44,616.46","37,937.86","38,348.51","40,108.92","42,953.27","41,760.61","42,643.95","44,132.79","45,657.02","47,204.93","48,913.37",2018
GAB,Gabon,"Gross domestic product per capita, current prices",U.S. dollars,Units,"See notes for:  Gross domestic product, current prices (National currency) Population (Persons).","8,933.31","10,893.46","9,903.41","9,760.75","9,746.79","7,453.11","7,082.22","7,370.20","8,220.40","8,112.32","8,361.04","8,695.66","9,096.93","9,551.61","10,138.15",2004
GMB,The Gambia,"Gross domestic product per capita, current prices",U.S. dollars,Units,"See notes for:  Gross domestic product, current prices (National currency) Population (Persons).",860.639,762.761,742.78,700.515,607.429,649.511,683.998,676.656,712.512,755.046,795.704,826.666,859.43,887.082,912.803,2017
GEO,Georgia,"Gross domestic product per capita, current prices",U.S. dollars,Units,"See notes for:  Gross domestic product, current prices (National currency) Population (Persons).","3,062.85","3,825.16","4,237.93","4,340.71","4,441.77","3,759.60","3,856.07","4,046.89","4,346.15","4,289.32","4,626.41","5,034.79","5,462.65","5,858.93","6,277.16",2015
DEU,Germany,"Gross domestic product per capita, current prices",U.S. dollars,Units,"See notes for:  Gross domestic product, current prices (National currency) Population (Persons).","42,379.58","46,697.38","43,883.26","46,299.08","48,035.80","41,159.94","42,115.60","44,333.81","47,662.49","46,563.99","47,992.32","50,149.31","52,164.60","54,248.58","56,527.75",2018
GHA,Ghana,"Gross domestic product per capita, current prices",U.S. dollars,Units,"See notes for:  Gross domestic product, current prices (National currency) Population (Persons).","1,745.54","2,123.65","2,184.39","2,389.77","1,962.66","1,753.85","1,941.46","2,037.95","2,216.84","2,223.42","2,266.41","2,385.78","2,472.87","2,574.20","2,681.52",0
GRC,Greece,"Gross domestic product per capita, current prices",U.S. dollars,Units,"See notes for:  Gross domestic product, current prices (National currency) Population (Persons).","26,972.87","25,896.93","22,171.91","21,805.26","21,726.89","18,114.72","18,110.87","18,897.64","20,317.18","19,974.37","20,845.32","21,739.02","22,607.12","23,429.54","24,335.71",2018
GRD,Grenada,"Gross domestic product per capita, current prices",U.S. dollars,Units,"See notes for:  Gross domestic product, current prices (National currency) Population (Persons).","7,365.66","7,410.48","7,583.18","7,956.06","8,569.92","9,333.27","9,892.57","10,439.93","10,939.29","11,381.38","11,848.12","12,349.25","12,947.08","13,574.83","14,203.42",2016
GTM,Guatemala,"Gross domestic product per capita, current prices",U.S. dollars,Units,"See notes for:  Gross domestic product, current prices (National currency) Population (Persons).","2,825.51","3,187.84","3,299.60","3,452.83","3,687.75","3,923.56","4,140.72","4,469.46","4,545.09","4,616.85","4,807.55","5,047.63","5,279.75","5,525.90","5,872.65",2018
GIN,Guinea,"Gross domestic product per capita, current prices",U.S. dollars,Units,"See notes for:  Gross domestic product, current prices (National currency) Population (Persons).",631.291,540.562,637.791,712.982,729.798,712.047,679.947,794.6,910.063,981.016,"1,030.71","1,087.28","1,138.48","1,188.82","1,241.66",2014
GNB,Guinea-Bissau,"Gross domestic product per capita, current prices",U.S. dollars,Units,"See notes for:  Gross domestic product, current prices (National currency) Population (Persons).",582.498,736.846,649.04,671.127,662.383,643.916,708.391,793.768,822.005,786.292,830.209,876.874,928.053,984.471,"1,046.65",2017
GUY,Guyana,"Gross domestic product per capita, current prices",U.S. dollars,Units,"See notes for:  Gross domestic product, current prices (National currency) Population (Persons).","3,000.38","3,408.19","3,775.15","3,926.00","4,028.33","4,168.48","4,531.24","4,635.61","4,984.10","5,252.05","10,249.38","10,990.13","13,501.74","17,635.83","19,404.51",2017
HTI,Haiti,"Gross domestic product per capita, current prices",U.S. dollars,Units,"See notes for:  Gross domestic product, current prices (National currency) Population (Persons).",661.853,740.934,766.861,810.414,830.033,814.456,735.213,765.598,868.763,784.08,765.413,788.389,811.877,835.235,859.563,0
HND,Honduras,"Gross domestic product per capita, current prices",U.S. dollars,Units,"See notes for:  Gross domestic product, current prices (National currency) Population (Persons).","1,919.47","2,113.28","2,178.42","2,136.74","2,242.71","2,341.28","2,382.61","2,491.47","2,523.80","2,548.46","2,593.93","2,655.03","2,729.43","2,811.14","2,900.35",2017
HKG,Hong Kong SAR,"Gross domestic product per capita, current prices",U.S. dollars,Units,"See notes for:  Gross domestic product, current prices (National currency) Population (Persons).","32,422.06","34,951.03","36,619.81","38,230.07","40,182.28","42,321.71","43,496.30","46,096.48","48,450.61","49,334.35","50,460.39","52,407.80","54,571.09","56,922.35","59,506.47",2018
HUN,Hungary,"Gross domestic product per capita, current prices",U.S. dollars,Units,"See notes for:  Gross domestic product, current prices (National currency) Population (Persons).","13,073.96","14,097.94","12,873.20","13,646.27","14,182.70","12,487.23","12,822.51","14,272.75","16,484.19","17,463.28","18,535.15","19,781.27","20,775.32","21,859.12","22,997.51",2018
ISL,Iceland,"Gross domestic product per capita, current prices",U.S. dollars,Units,"See notes for:  Gross domestic product, current prices (National currency) Population (Persons).","43,080.60","47,600.73","46,073.94","49,815.68","54,527.56","52,838.36","62,004.70","72,283.29","74,515.47","67,037.34","66,601.88","66,799.31","67,088.52","68,212.94","69,699.22",2018
IND,India,"Gross domestic product per capita, current prices",U.S. dollars,Units,"See notes for:  Gross domestic product, current prices (National currency) Population (Persons).","1,422.93","1,497.75","1,481.56","1,485.60","1,610.36","1,639.69","1,761.63","2,014.01","2,037.69","2,171.64","2,338.12","2,529.34","2,737.15","2,965.51","3,209.67",2013
IDN,Indonesia,"Gross domestic product per capita, current prices",U.S. dollars,Units,"See notes for:  Gross domestic product, current prices (National currency) Population (Persons).","3,178.13","3,688.53","3,744.53","3,684.00","3,533.61","3,367.69","3,605.72","3,884.72","3,870.56","4,163.76","4,464.57","4,755.70","5,042.55","5,346.10","5,666.80",2018
IRN,Islamic Republic of Iran,"Gross domestic product per capita, current prices",U.S. dollars,Units,"See notes for:  Gross domestic product, current prices (National currency) Population (Persons).","6,504.87","7,680.86","5,118.47","5,152.04","5,395.79","4,723.48","5,026.65","5,289.80","5,416.53","5,506.23","5,503.08","5,604.66","5,785.16","6,062.62","6,552.33",2018
IRQ,Iraq,"Gross domestic product per capita, current prices",U.S. dollars,Units,"See notes for:  Gross domestic product, current prices (National currency) Population (Persons).","4,473.71","5,848.54","6,692.58","7,021.41","6,704.31","5,047.12","4,842.55","5,263.21","5,881.52","5,738.45","5,799.43","5,891.46","6,031.31","6,187.37","6,370.53",2013
IRL,Ireland,"Gross domestic product per capita, current prices",U.S. dollars,Units,"See notes for:  Gross domestic product, current prices (National currency) Population (Persons).","48,708.63","51,834.31","48,848.48","51,461.98","55,390.22","61,791.03","62,938.22","69,462.90","78,334.87","77,771.21","80,264.84","83,899.18","87,714.56","91,529.49","95,678.40",2018
ISR,Israel,"Gross domestic product per capita, current prices",U.S. dollars,Units,"See notes for:  Gross domestic product, current prices (National currency) Population (Persons).","30,670.34","33,713.12","32,524.75","36,325.04","37,695.56","35,791.22","37,332.94","40,558.53","41,728.19","42,823.31","44,474.07","46,033.39","47,685.68","49,477.74","51,318.09",2018
ITA,Italy,"Gross domestic product per capita, current prices",U.S. dollars,Units,"See notes for:  Gross domestic product, current prices (National currency) Population (Persons).","35,655.11","38,011.62","34,470.42","35,219.33","35,456.72","30,153.43","30,823.99","32,195.43","34,320.75","32,946.52","33,431.25","34,439.78","35,442.54","36,465.68","37,611.57",2018
JAM,Jamaica,"Gross domestic product per capita, current prices",U.S. dollars,Units,"See notes for:  Gross domestic product, current prices (National currency) Population (Persons).","4,812.26","5,232.30","5,332.49","5,104.90","4,953.22","5,029.07","4,986.45","5,193.49","5,406.37","5,460.98","5,698.63","5,877.32","6,095.84","6,337.75","6,602.79",2015
JPN,Japan,"Gross domestic product per capita, current prices",U.S. dollars,Units,"See notes for:  Gross domestic product, current prices (National currency) Population (Persons).","44,673.61","48,168.80","48,632.90","40,490.16","38,156.33","34,568.93","38,804.86","38,342.74","39,303.96","40,846.78","43,043.42","44,637.43","46,453.57","48,460.64","50,637.00",2017
JOR,Jordan,"Gross domestic product per capita, current prices",U.S. dollars,Units,"See notes for:  Gross domestic product, current prices (National currency) Population (Persons).","3,679.19","3,826.55","3,930.95","4,054.77","4,129.99","4,145.48","4,151.16","4,201.66","4,270.17","4,386.61","4,541.55","4,724.43","4,937.46","5,178.60","5,433.59",2015
KAZ,Kazakhstan,"Gross domestic product per capita, current prices",U.S. dollars,Units,"See notes for:  Gross domestic product, current prices (National currency) Population (Persons).","9,005.04","11,552.57","12,300.18","13,789.17","12,713.56","10,435.17","7,662.01","8,970.88","9,401.21","9,139.11","9,672.00","10,291.50","11,007.94","12,048.58","12,992.77",2018
KEN,Kenya,"Gross domestic product per capita, current prices",U.S. dollars,Units,"See notes for:  Gross domestic product, current prices (National currency) Population (Persons).","1,038.95","1,054.98","1,238.88","1,318.79","1,431.32","1,453.30","1,522.29","1,683.95","1,830.59","1,997.55","2,151.50","2,294.24","2,454.60","2,632.60","2,814.87",2013
KIR,Kiribati,"Gross domestic product per capita, current prices",U.S. dollars,Units,"See notes for:  Gross domestic product, current prices (National currency) Population (Persons).","1,518.57","1,741.14","1,798.26","1,731.38","1,655.86","1,556.50","1,598.89","1,641.57","1,640.68","1,574.70","1,614.10","1,658.45","1,703.72","1,752.86","1,807.16",2017
KOR,Korea,"Gross domestic product per capita, current prices",U.S. dollars,Units,"See notes for:  Gross domestic product, current prices (National currency) Population (Persons).","23,087.23","25,096.26","25,466.76","27,182.74","29,249.58","28,732.23","29,296.05","31,577.35","33,319.99","31,430.60","31,246.04","32,565.53","34,107.06","35,754.69","37,576.37",2018
KOS,Kosovo,"Gross domestic product per capita, current prices",U.S. dollars,Units,"See notes for:  Gross domestic product, current prices (National currency) Population (Persons).","3,290.46","3,764.22","3,582.01","3,885.73","4,098.92","3,637.44","3,766.22","4,027.27","4,432.56","4,442.36","4,649.33","4,944.81","5,261.46","5,592.01","5,961.59",0
KWT,Kuwait,"Gross domestic product per capita, current prices",U.S. dollars,Units,"See notes for:  Gross domestic product, current prices (National currency) Population (Persons).","32,216.41","41,657.44","45,726.19","44,754.34","40,278.05","27,398.08","25,267.15","26,863.33","30,969.44","29,266.98","28,882.72","28,874.95","29,109.22","29,585.76","30,257.04",2016
KGZ,Kyrgyz Republic,"Gross domestic product per capita, current prices",U.S. dollars,Units,"See notes for:  Gross domestic product, current prices (National currency) Population (Persons).",884.846,"1,131.47","1,189.52","1,295.23","1,292.62","1,132.84","1,131.84","1,254.51","1,293.46","1,292.98","1,337.27","1,385.18","1,445.56","1,492.42","1,539.10",2018
LAO,Lao P.D.R.,"Gross domestic product per capita, current prices",U.S. dollars,Units,"See notes for:  Gross domestic product, current prices (National currency) Population (Persons).","1,200.87","1,412.04","1,581.90","1,830.51","1,997.99","2,130.63","2,324.94","2,454.87","2,565.98","2,670.21","2,919.07","3,131.70","3,357.82","3,599.17","3,856.49",2018
LVA,Latvia,"Gross domestic product per capita, current prices",U.S. dollars,Units,"See notes for:  Gross domestic product, current prices (National currency) Population (Persons).","11,223.02","13,735.62","13,762.16","14,951.88","15,680.89","13,587.69","14,071.74","15,654.43","18,032.62","18,171.65","19,104.84","20,359.19","21,625.02","22,913.65","24,321.46",2018
LBN,Lebanon,"Gross domestic product per capita, current prices",U.S. dollars,Units,"See notes for:  Gross domestic product, current prices (National currency) Population (Persons).","8,858.28","8,734.19","8,996.56","8,882.80","8,619.26","8,540.39","8,530.36","8,778.47","9,251.21","9,654.81","10,042.78","10,598.52","11,254.03","12,037.10","12,830.13",2012
LSO,Lesotho,"Gross domestic product per capita, current prices",U.S. dollars,Units,"See notes for:  Gross domestic product, current prices (National currency) Population (Persons).","1,309.59","1,431.87","1,358.87","1,273.88","1,330.37","1,166.54","1,207.21","1,324.83","1,333.43","1,338.52","1,357.78","1,424.87","1,505.42","1,551.57","1,598.29",2016
LBR,Liberia,"Gross domestic product per capita, current prices",U.S. dollars,Units,"See notes for:  Gross domestic product, current prices (National currency) Population (Persons).",550.36,640.709,707.708,777.479,777.021,764.411,772.393,754.663,727.8,703.826,688.281,681.558,699.714,694.964,719.202,2016
LBY,Libya,"Gross domestic product per capita, current prices",U.S. dollars,Units,"See notes for:  Gross domestic product, current prices (National currency) Population (Persons).","11,417.42","5,402.25","12,693.64","8,282.15","3,876.41","2,719.95","2,903.74","4,738.59","6,287.65","5,019.58","5,129.19","5,216.50","5,373.26","5,565.27","5,781.45",2014
LTU,Lithuania,"Gross domestic product per capita, current prices",U.S. dollars,Units,"See notes for:  Gross domestic product, current prices (National currency) Population (Persons).","12,006.36","14,374.02","14,349.44","15,698.48","16,571.43","14,299.10","14,988.57","16,845.33","18,994.38","19,266.79","20,355.00","21,708.62","23,066.81","24,437.92","25,936.96",2018
LUX,Luxembourg,"Gross domestic product per capita, current prices",U.S. dollars,Units,"See notes for:  Gross domestic product, current prices (National currency) Population (Persons).","106,177.04","117,366.28","108,050.23","114,996.48","120,449.50","101,665.02","102,360.22","105,725.45","115,536.21","113,196.49","116,727.21","120,536.83","124,467.08","128,454.28","132,701.61",2018
MAC,Macao SAR,"Gross domestic product per capita, current prices",U.S. dollars,Units,"See notes for:  Gross domestic product, current prices (National currency) Population (Persons).","50,921.11","65,867.58","73,937.75","84,859.86","86,997.50","70,133.00","70,278.05","77,414.52","81,728.23","81,151.93","80,065.20","79,926.00","80,625.73","81,457.04","82,582.30",2018
MDG,Madagascar,"Gross domestic product per capita, current prices",U.S. dollars,Units,"See notes for:  Gross domestic product, current prices (National currency) Population (Persons).",414.145,456.329,444.958,462.46,452.81,400.348,406.411,447.569,459.257,463.869,490.906,517.049,542.152,568.86,597.009,2010
MWI,Malawi,"Gross domestic product per capita, current prices",U.S. dollars,Units,"See notes for:  Gross domestic product, current prices (National currency) Population (Persons).",442.765,493.843,359.588,317.471,343.979,353.507,294.755,325.01,349.938,370.747,385.677,397.619,412.6,429.866,448.037,2011
MYS,Malaysia,"Gross domestic product per capita, current prices",U.S. dollars,Units,"See notes for:  Gross domestic product, current prices (National currency) Population (Persons).","9,047.20","10,398.24","10,806.84","10,851.66","11,165.26","9,663.11","9,523.30","9,960.32","11,072.39","11,136.81","11,484.51","12,172.16","12,875.42","13,629.33","14,468.32",2018
MDV,Maldives,"Gross domestic product per capita, current prices",U.S. dollars,Units,"See notes for:  Gross domestic product, current prices (National currency) Population (Persons).","8,086.67","8,078.26","8,719.53","9,766.15","10,787.47","11,781.09","12,447.19","13,510.17","14,571.31","15,562.51","16,620.42","17,677.99","18,802.69","19,974.12","21,134.11",2014
MLI,Mali,"Gross domestic product per capita, current prices",U.S. dollars,Units,"See notes for:  Gross domestic product, current prices (National currency) Population (Persons).",732.402,861.874,801.102,827.335,872.028,772.639,802.399,854.149,926.542,924.178,967.139,"1,008.99","1,053.56","1,099.14","1,139.61",2017
MLT,Malta,"Gross domestic product per capita, current prices",U.S. dollars,Units,"See notes for:  Gross domestic product, current prices (National currency) Population (Persons).","21,148.92","22,911.84","22,070.03","24,032.63","26,328.80","24,373.19","25,419.81","27,730.11","30,608.50","30,650.17","32,019.43","33,762.21","35,583.94","37,473.92","39,545.45",2018
MHL,Marshall Islands,"Gross domestic product per capita, current prices",U.S. dollars,Units,"See notes for:  Gross domestic product, current prices (National currency) Population (Persons).","3,180.50","3,302.32","3,497.43","3,590.89","3,444.55","3,363.37","3,652.92","3,822.16","3,878.67","3,924.83","4,001.13","4,072.08","4,122.22","4,168.32","4,198.34",2016
MRT,Mauritania,"Gross domestic product per capita, current prices",U.S. dollars,Units,"See notes for:  Gross domestic product, current prices (National currency) Population (Persons).","1,322.34","1,537.26","1,513.10","1,618.22","1,488.79","1,303.46","1,235.17","1,268.88","1,319.27","1,392.46","1,426.84","1,481.06","1,596.57","1,688.41","1,780.57",2014
MUS,Mauritius,"Gross domestic product per capita, current prices",U.S. dollars,Units,"See notes for:  Gross domestic product, current prices (National currency) Population (Persons).","8,000.38","9,197.04","9,291.24","9,637.02","10,151.73","9,258.56","9,681.42","10,485.01","11,228.11","11,360.67","11,720.62","12,472.83","13,314.45","14,127.60","14,957.30",2018
MEX,Mexico,"Gross domestic product per capita, current prices",U.S. dollars,Units,"See notes for:  Gross domestic product, current prices (National currency) Population (Persons).","9,258.20","10,204.51","10,261.05","10,764.33","10,980.99","9,673.64","8,815.54","9,366.66","9,796.98","10,118.17","10,405.79","10,767.50","11,150.18","11,563.56","12,007.79",2018
FSM,Micronesia,"Gross domestic product per capita, current prices",U.S. dollars,Units,"See notes for:  Gross domestic product, current prices (National currency) Population (Persons).","2,885.87","3,032.45","3,192.67","3,095.86","3,112.86","3,080.33","3,241.26","3,548.96","3,634.18","3,718.00","3,815.82","3,916.65","4,014.52","4,114.84","4,217.66",2018
MDA,Moldova,"Gross domestic product per capita, current prices",U.S. dollars,Units,"See notes for:  Gross domestic product, current prices (National currency) Population (Persons).","1,959.63","2,364.74","2,446.30","2,669.23","2,675.04","2,174.33","2,273.16","2,726.54","3,190.83","3,300.09","3,470.19","3,668.93","3,883.75","4,109.53","4,357.17",2018
MNG,Mongolia,"Gross domestic product per capita, current prices",U.S. dollars,Units,"See notes for:  Gross domestic product, current prices (National currency) Population (Persons).","2,602.37","3,702.36","4,281.33","4,293.83","4,081.02","3,842.54","3,576.82","3,595.38","4,017.22","4,132.66","4,363.90","4,614.25","4,873.86","5,097.63","5,303.68",2014
MNE,Montenegro,"Gross domestic product per capita, current prices",U.S. dollars,Units,"See notes for:  Gross domestic product, current prices (National currency) Population (Persons).","6,693.87","7,327.25","6,590.58","7,189.05","7,389.89","6,517.42","7,031.53","7,800.27","8,762.68","8,703.93","9,115.79","9,604.44","10,149.11","10,733.83","11,339.72",2018
MAR,Morocco,"Gross domestic product per capita, current prices",U.S. dollars,Units,"See notes for:  Gross domestic product, current prices (National currency) Population (Persons).","2,896.56","3,111.54","2,979.74","3,200.48","3,259.72","2,964.96","2,996.65","3,147.85","3,365.52","3,345.03","3,464.02","3,656.24","3,860.79","4,079.38","4,315.81",2018
MOZ,Mozambique,"Gross domestic product per capita, current prices",U.S. dollars,Units,"See notes for:  Gross domestic product, current prices (National currency) Population (Persons).",429.948,524.891,589.818,604.999,619.907,528.934,379.004,426.091,474.508,484.405,521.831,544.285,564.38,614.671,681.947,2015
MMR,Myanmar,"Gross domestic product per capita, current prices",U.S. dollars,Units,"See notes for:  Gross domestic product, current prices (National currency) Population (Persons).",800.245,"1,080.00","1,156.90","1,187.52","1,230.53","1,219.48","1,156.89","1,166.04","1,299.73","1,244.73","1,350.83","1,467.31","1,591.54","1,726.12","1,875.23",2015
NAM,Namibia,"Gross domestic product per capita, current prices",U.S. dollars,Units,"See notes for:  Gross domestic product, current prices (National currency) Population (Persons).","5,410.98","5,870.93","6,038.86","5,793.93","5,717.76","5,160.20","4,854.15","5,725.18","6,012.73","5,842.06","5,963.03","6,122.63","6,350.89","6,635.70","6,865.73",2018
NRU,Nauru,"Gross domestic product per capita, current prices",U.S. dollars,Units,"See notes for:  Gross domestic product, current prices (National currency) Population (Persons).","4,748.08","6,529.40","9,382.64","9,103.52","8,865.60","6,994.05","7,674.48","8,152.26","8,562.25","8,270.26","8,369.12","8,439.98","8,552.78","8,729.98","8,913.32",2016
NPL,Nepal,"Gross domestic product per capita, current prices",U.S. dollars,Units,"See notes for:  Gross domestic product, current prices (National currency) Population (Persons).",592.369,703.044,698.466,715.89,743.099,792.553,777.148,911.444,"1,033.91","1,047.74","1,176.58","1,275.69","1,376.05","1,477.14","1,582.53",2015
NLD,Netherlands,"Gross domestic product per capita, current prices",U.S. dollars,Units,"See notes for:  Gross domestic product, current prices (National currency) Population (Persons).","51,165.82","54,342.11","50,175.56","52,276.99","53,026.48","45,302.80","46,165.18","48,799.87","53,228.27","52,367.85","53,873.37","55,998.95","58,102.28","60,250.66","62,696.24",2018
NZL,New Zealand,"Gross domestic product per capita, current prices",U.S. dollars,Units,"See notes for:  Gross domestic product, current prices (National currency) Population (Persons).","33,222.09","37,985.40","39,553.55","41,775.71","43,858.15","37,743.24","38,982.50","41,381.81","41,204.71","40,634.14","42,084.40","43,901.15","45,801.06","47,614.93","49,547.28",2018
NIC,Nicaragua,"Gross domestic product per capita, current prices",U.S. dollars,Units,"See notes for:  Gross domestic product, current prices (National currency) Population (Persons).","1,506.07","1,629.97","1,734.79","1,790.43","1,916.77","2,036.93","2,099.59","2,165.17","2,030.50","1,919.17","1,869.62","1,842.63","1,828.00","1,825.76","1,839.44",2017
NER,Niger,"Gross domestic product per capita, current prices",U.S. dollars,Units,"See notes for:  Gross domestic product, current prices (National currency) Population (Persons).",347.985,374.823,390.331,414.516,428.442,362.717,366.058,376.623,414.328,405.095,427.445,446.238,490.903,514.091,542.902,2009
NGA,Nigeria,"Gross domestic product per capita, current prices",U.S. dollars,Units,"See notes for:  Gross domestic product, current prices (National currency) Population (Persons).","2,328.43","2,543.50","2,756.41","2,998.06","3,222.68","2,726.34","2,180.27","1,971.79","2,032.86","2,222.01","2,400.45","2,602.02","2,830.00","3,074.98","3,346.39",2012
MKD,North Macedonia,"Gross domestic product per capita, current prices",U.S. dollars,Units,"See notes for:  Gross domestic product, current prices (National currency) Population (Persons).","4,576.23","5,174.89","4,728.37","5,239.65","5,498.61","4,860.42","5,152.97","5,449.06","6,100.40","6,096.49","6,414.66","6,820.09","7,242.94","7,687.87","8,182.43",2018
NOR,Norway,"Gross domestic product per capita, current prices",U.S. dollars,Units,"See notes for:  Gross domestic product, current prices (National currency) Population (Persons).","87,356.19","100,197.17","101,129.87","102,576.71","96,657.58","74,115.18","70,223.84","75,306.64","81,549.98","77,975.43","78,333.22","79,878.62","81,395.03","83,077.62","84,994.94",2017
OMN,Oman,"Gross domestic product per capita, current prices",U.S. dollars,Units,"See notes for:  Gross domestic product, current prices (National currency) Population (Persons).","19,774.80","22,726.64","23,282.20","21,920.15","21,814.15","18,243.81","16,332.37","17,045.15","18,969.99","17,791.03","17,723.15","17,899.53","17,812.76","17,870.85","18,019.41",2018
PAK,Pakistan,"Gross domestic product per capita, current prices",U.S. dollars,Units,"See notes for:  Gross domestic product, current prices (National currency) Population (Persons).","1,031.65","1,218.34","1,254.17","1,266.74","1,312.43","1,424.95","1,439.63","1,543.99","1,565.43","1,388.24",n/a,n/a,n/a,n/a,n/a,2018
PLW,Palau,"Gross domestic product per capita, current prices",U.S. dollars,Units,"See notes for:  Gross domestic product, current prices (National currency) Population (Persons).","10,033.82","10,762.29","11,986.97","12,838.75","14,006.77","15,875.44","16,782.10","15,995.09","16,195.28","16,736.10","17,378.10","17,936.26","18,476.13","19,032.24","19,605.09",2018
PAN,Panama,"Gross domestic product per capita, current prices",U.S. dollars,Units,"See notes for:  Gross domestic product, current prices (National currency) Population (Persons).","8,039.76","9,314.69","10,674.49","11,841.89","12,756.95","13,606.60","14,356.45","15,198.07","15,642.82","16,245.45","17,148.32","18,076.61","19,070.83","20,119.74","21,226.32",2018
PNG,Papua New Guinea,"Gross domestic product per capita, current prices",U.S. dollars,Units,"See notes for:  Gross domestic product, current prices (National currency) Population (Persons).","2,132.19","2,552.04","2,865.78","2,800.17","2,992.71","2,742.92","2,567.58","2,705.58","2,751.71","2,742.27","2,725.81","2,721.33","2,745.52","2,787.34","2,835.90",2014
PRY,Paraguay,"Gross domestic product per capita, current prices",U.S. dollars,Units,"See notes for:  Gross domestic product, current prices (National currency) Population (Persons).","4,347.21","5,298.45","5,151.37","5,882.78","6,050.04","5,353.08","5,259.94","5,609.85","5,934.18","5,692.18","5,904.86","6,280.57","6,614.18","6,959.24","7,273.86",2018
PER,Peru,"Gross domestic product per capita, current prices",U.S. dollars,Units,"See notes for:  Gross domestic product, current prices (National currency) Population (Persons).","5,055.04","5,738.13","6,400.40","6,631.33","6,565.41","6,141.43","6,173.23","6,729.93","7,007.17","7,046.79","7,316.97","7,645.56","7,997.91","8,370.17","8,762.90",2017
PHL,Philippines,"Gross domestic product per capita, current prices",U.S. dollars,Units,"See notes for:  Gross domestic product, current prices (National currency) Population (Persons).","2,155.41","2,379.94","2,591.63","2,768.47","2,849.27","2,882.77","2,953.29","2,989.13","3,104.22","3,294.47","3,484.90","3,714.03","4,008.76","4,328.90","4,673.78",2017
POL,Poland,"Gross domestic product per capita, current prices",U.S. dollars,Units,"See notes for:  Gross domestic product, current prices (National currency) Population (Persons).","12,601.92","13,886.83","13,158.07","13,777.30","14,342.83","12,565.74","12,427.65","13,871.68","15,425.68","14,901.55","15,988.04","17,021.10","18,107.91","19,289.98","20,572.77",2018
PRT,Portugal,"Gross domestic product per capita, current prices",U.S. dollars,Units,"See notes for:  Gross domestic product, current prices (National currency) Population (Persons).","22,539.04","23,213.11","20,576.83","21,653.51","22,109.32","19,252.01","19,986.36","21,482.86","23,437.39","23,030.79","23,731.13","24,727.89","25,744.80","26,788.05","27,920.05",2018
PRI,Puerto Rico,"Gross domestic product per capita, current prices",U.S. dollars,Units,"See notes for:  Gross domestic product, current prices (National currency) Population (Persons).","26,435.74","27,278.85","27,944.74","28,513.15","28,981.34","29,755.35","30,585.55","31,590.97","31,603.41","31,538.17","32,100.40","32,647.40","33,213.79","33,808.21","34,380.38",2018
QAT,Qatar,"Gross domestic product per capita, current prices",U.S. dollars,Units,"See notes for:  Gross domestic product, current prices (National currency) Population (Persons).","72,953.44","96,827.86","101,933.12","99,180.39","93,054.14","66,346.91","57,965.38","62,826.06","70,379.49","69,687.55","70,736.88","72,554.05","75,624.63","78,964.17","83,263.49",2017
ROU,Romania,"Gross domestic product per capita, current prices",U.S. dollars,Units,"See notes for:  Gross domestic product, current prices (National currency) Population (Persons).","8,190.57","9,081.72","8,518.92","9,537.82","10,004.88","8,950.46","9,538.93","10,761.71","12,269.84","12,482.97","13,414.49","14,398.64","15,455.17","16,542.17","17,685.87",2018
RUS,Russia,"Gross domestic product per capita, current prices",U.S. dollars,Units,"See notes for:  Gross domestic product, current prices (National currency) Population (Persons).","11,446.59","14,319.68","15,276.30","15,953.13","14,069.10","9,261.68","8,722.89","10,750.81","11,289.44","11,162.65","11,305.12","11,704.55","12,183.61","12,728.11","13,314.54",2018
RWA,Rwanda,"Gross domestic product per capita, current prices",U.S. dollars,Units,"See notes for:  Gross domestic product, current prices (National currency) Population (Persons).",584.957,651.628,707.583,709.834,727.969,736.378,734.822,773.847,786.531,824.927,873.332,928.264,992.544,"1,063.88","1,140.55",2012
WSM,Samoa,"Gross domestic product per capita, current prices",U.S. dollars,Units,"See notes for:  Gross domestic product, current prices (National currency) Population (Persons).","3,430.86","3,939.70","4,233.33","4,219.07","4,178.98","4,149.36","4,015.21","4,258.34","4,323.26","4,500.75","4,735.06","4,873.80","5,026.54","5,188.35","5,353.48",2016
SMR,San Marino,"Gross domestic product per capita, current prices",U.S. dollars,Units,"See notes for:  Gross domestic product, current prices (National currency) Population (Persons).","60,426.24","57,512.89","50,336.19","51,986.53","51,234.87","43,068.69","44,308.67","45,887.69","48,948.13","47,279.93","47,932.21","49,249.46","50,472.51","51,644.54","52,931.88",2017
STP,São Tomé and Príncipe,"Gross domestic product per capita, current prices",U.S. dollars,Units,"See notes for:  Gross domestic product, current prices (National currency) Population (Persons).","1,107.87","1,273.07","1,342.71","1,569.41","1,763.38","1,569.51","1,673.47","1,768.10","1,943.49","1,933.38","2,036.12","2,151.52","2,283.09","2,412.72","2,552.75",2011
SAU,Saudi Arabia,"Gross domestic product per capita, current prices",U.S. dollars,Units,"See notes for:  Gross domestic product, current prices (National currency) Population (Persons).","19,163.34","23,654.87","25,208.16","24,892.99","24,929.32","21,063.31","20,288.92","21,113.96","23,538.94","22,865.18","22,533.26","22,569.95","22,924.51","23,401.28","23,985.55",2017
SEN,Senegal,"Gross domestic product per capita, current prices",U.S. dollars,Units,"See notes for:  Gross domestic product, current prices (National currency) Population (Persons).","1,257.65","1,345.70","1,301.54","1,343.16","1,361.35","1,186.93","1,235.11","1,320.62","1,441.43","1,427.87","1,494.31","1,596.81","1,716.19","1,916.45","2,058.04",2017
SRB,Serbia,"Gross domestic product per capita, current prices",U.S. dollars,Units,"See notes for:  Gross domestic product, current prices (National currency) Population (Persons).","5,673.62","6,809.94","6,012.63","6,752.80","6,598.94","5,585.12","5,756.38","6,284.20","7,223.00","7,397.69","7,991.58","8,676.37","9,393.78","10,167.29","10,903.38",2018
SYC,Seychelles,"Gross domestic product per capita, current prices",U.S. dollars,Units,"See notes for:  Gross domestic product, current prices (National currency) Population (Persons).","10,805.10","11,647.02","11,999.90","14,762.22","14,701.37","14,786.12","15,218.51","15,915.52","16,574.68","17,052.23","17,178.63","18,180.24","19,023.26","19,865.26","20,661.90",2015
SLE,Sierra Leone,"Gross domestic product per capita, current prices",U.S. dollars,Units,"See notes for:  Gross domestic product, current prices (National currency) Population (Persons).",410.595,457.917,578.302,731.066,721.558,599.574,522.355,503.347,539.205,546.645,557.073,569.681,587.668,610.801,634.903,2017
SGP,Singapore,"Gross domestic product per capita, current prices",U.S. dollars,Units,"See notes for:  Gross domestic product, current prices (National currency) Population (Persons).","47,236.67","53,891.46","55,547.55","56,967.43","57,564.80","55,645.61","56,722.27","60,296.79","64,578.77","63,987.07","64,829.22","66,949.98","69,597.89","72,466.19","75,631.87",2018
SVK,Slovak Republic,"Gross domestic product per capita, current prices",U.S. dollars,Units,"See notes for:  Gross domestic product, current prices (National currency) Population (Persons).","16,633.53","18,227.83","17,295.01","18,205.63","18,668.68","16,197.77","16,564.77","17,629.16","19,579.31","19,547.66","20,494.63","21,722.21","22,903.70","24,079.68","25,308.92",2018
SVN,Slovenia,"Gross domestic product per capita, current prices",U.S. dollars,Units,"See notes for:  Gross domestic product, current prices (National currency) Population (Persons).","23,570.18","25,156.14","22,674.49","23,516.53","24,263.96","20,898.91","21,640.27","23,498.09","26,145.65","26,170.25","27,452.32","29,061.98","30,573.06","32,111.09","33,732.46",2017
SLB,Solomon Islands,"Gross domestic product per capita, current prices",U.S. dollars,Units,"See notes for:  Gross domestic product, current prices (National currency) Population (Persons).","1,293.86","1,733.71","1,935.74","2,010.29","2,042.09","1,971.55","2,052.82","2,092.14","2,197.25","2,246.72","2,338.31","2,444.29","2,552.91","2,683.81","2,810.10",2015
SOM,Somalia,"Gross domestic product per capita, current prices",U.S. dollars,Units,,,,,,,,,,,,,,,,,
ZAF,South Africa,"Gross domestic product per capita, current prices",U.S. dollars,Units,"See notes for:  Gross domestic product, current prices (National currency) Population (Persons).","7,311.74","7,997.07","7,487.85","6,824.45","6,429.83","5,731.73","5,266.88","6,119.89","6,353.85","6,100.35","6,193.17","6,331.80","6,493.32","6,663.57","6,846.99",2018
SSD,South Sudan,"Gross domestic product per capita, current prices",U.S. dollars,Units,"See notes for:  Gross domestic product, current prices (National currency) Population (Persons).",n/a,"1,644.74","1,041.46","1,337.23","1,309.95","1,225.19",281.507,273.137,353.165,275.184,243.267,244.003,278.36,270.374,265.582,2008
ESP,Spain,"Gross domestic product per capita, current prices",U.S. dollars,Units,"See notes for:  Gross domestic product, current prices (National currency) Population (Persons).","30,801.28","31,875.79","28,584.38","29,237.32","29,686.72","25,849.69","26,681.57","28,381.06","30,733.17","29,961.11","30,734.12","31,937.23","33,092.26","34,267.61","35,572.01",2018
LKA,Sri Lanka,"Gross domestic product per capita, current prices",U.S. dollars,Units,"See notes for:  Gross domestic product, current prices (National currency) Population (Persons).","2,807.66","3,212.76","3,349.78","3,608.29","3,818.40","3,842.25","3,885.76","4,104.33","4,099.12","3,946.59","4,152.21","4,411.56","4,688.42","4,987.48","5,318.72",2017
KNA,St. Kitts and Nevis,"Gross domestic product per capita, current prices",U.S. dollars,Units,"See notes for:  Gross domestic product, current prices (National currency) Population (Persons).","14,776.44","15,726.39","15,224.90","15,791.92","15,483.41","15,690.94","16,356.50","17,007.81","17,512.58","18,245.90","19,023.75","19,748.40","20,442.88","21,208.67","22,005.82",2015
LCA,St. Lucia,"Gross domestic product per capita, current prices",U.S. dollars,Units,"See notes for:  Gross domestic product, current prices (National currency) Population (Persons).","8,447.61","8,640.21","8,515.02","8,690.24","9,031.64","9,521.04","9,678.11","10,246.58","10,754.86","11,075.92","11,619.21","12,139.70","12,600.29","12,963.41","13,337.00",2015
VCT,St. Vincent and the Grenadines,"Gross domestic product per capita, current prices",U.S. dollars,Units,"See notes for:  Gross domestic product, current prices (National currency) Population (Persons).","6,224.21","6,171.18","6,318.68","6,569.84","6,622.44","6,867.60","7,033.58","7,187.57","7,353.72","7,750.79","8,080.90","8,427.13","8,785.58","9,162.22","9,553.02",2016
SDN,Sudan,"Gross domestic product per capita, current prices",U.S. dollars,Units,"See notes for:  Gross domestic product, current prices (National currency) Population (Persons).","1,637.42","2,034.46","1,396.29","1,462.58","1,628.50","1,698.08","1,403.15","1,126.55",816.543,714.295,759.706,745.728,735.699,728.412,722.017,2011
SUR,Suriname,"Gross domestic product per capita, current prices",U.S. dollars,Units,"See notes for:  Gross domestic product, current prices (National currency) Population (Persons).","8,224.07","8,190.70","9,194.15","9,351.96","9,379.00","8,439.17","5,498.94","5,260.04","5,798.16","6,310.95","6,875.92","7,113.62","7,592.02","7,860.97","8,166.34",2016
SWE,Sweden,"Gross domestic product per capita, current prices",U.S. dollars,Units,"See notes for:  Gross domestic product, current prices (National currency) Population (Persons).","52,607.40","60,397.85","57,653.11","60,616.49","59,528.90","51,126.77","51,599.45","53,412.28","54,356.07","51,241.91","51,892.08","53,960.65","56,436.49","59,106.56","62,108.69",2018
CHE,Switzerland,"Gross domestic product per capita, current prices",U.S. dollars,Units,"See notes for:  Gross domestic product, current prices (National currency) Population (Persons).","74,885.00","88,902.89","83,958.73","85,673.43","87,159.83","82,511.34","80,629.21","80,763.57","83,161.90","83,716.81","86,673.50","89,370.25","92,190.42","95,121.59","98,276.19",2017
SYR,Syria,"Gross domestic product per capita, current prices",U.S. dollars,Units,"See notes for:  Gross domestic product, current prices (National currency) Population (Persons).","2,806.69",n/a,n/a,n/a,n/a,n/a,n/a,n/a,n/a,n/a,n/a,n/a,n/a,n/a,n/a,2010
TWN,Taiwan Province of China,"Gross domestic product per capita, current prices",U.S. dollars,Units,"See notes for:  Gross domestic product, current prices (National currency) Population (Persons).","19,261.67","20,911.64","21,269.61","21,887.99","22,638.92","22,373.56","22,572.70","24,389.68","25,007.75","24,827.90","25,525.81","26,861.07","28,324.43","29,870.22","31,483.80",2018
TJK,Tajikistan,"Gross domestic product per capita, current prices",U.S. dollars,Units,"See notes for:  Gross domestic product, current prices (National currency) Population (Persons).",738.287,834.52,949.648,"1,040.15","1,105.20",919.073,795.981,800.802,825.77,877.34,910.982,950.945,989.379,"1,024.01","1,061.87",2014
TZA,Tanzania,"Gross domestic product per capita, current prices",U.S. dollars,Units,"See notes for:  Gross domestic product, current prices (National currency) Population (Persons).",732.315,768.16,867.857,970.348,"1,030.74",947.897,966.29,"1,002.87","1,039.74","1,104.79","1,159.30","1,213.63","1,273.88","1,341.56","1,413.84",2012
THA,Thailand,"Gross domestic product per capita, current prices",U.S. dollars,Units,"See notes for:  Gross domestic product, current prices (National currency) Population (Persons).","5,174.53","5,600.65","5,979.22","6,296.19","6,079.69","5,967.67","6,113.42","6,730.56","7,448.12","7,791.95","8,193.82","8,668.99","9,187.82","9,744.16","10,257.18",2018
TLS,Timor-Leste,"Gross domestic product per capita, current prices",U.S. dollars,Units,"See notes for:  Gross domestic product, current prices (National currency) Population (Persons).","3,782.96","5,263.59","6,044.52","4,992.18","3,491.60","2,610.36","2,065.22","2,005.28","2,163.53","2,262.84","2,356.91","2,253.93","2,120.29","2,301.82","2,500.95",2015
TGO,Togo,"Gross domestic product per capita, current prices",U.S. dollars,Units,"See notes for:  Gross domestic product, current prices (National currency) Population (Persons).",527.786,579.67,565.022,613.624,633.068,563.759,587.598,615.671,670.323,671.4,713.653,761.592,811.963,865.34,923.414,2016
TON,Tonga,"Gross domestic product per capita, current prices",U.S. dollars,Units,"See notes for:  Gross domestic product, current prices (National currency) Population (Persons).","3,819.22","4,437.44","4,503.60","4,371.58","4,332.31","4,052.35","4,276.80","4,672.33","4,858.42","4,862.27","5,083.48","5,267.81","5,453.84","5,664.45","5,887.85",2018
TTO,Trinidad and Tobago,"Gross domestic product per capita, current prices",U.S. dollars,Units,"See notes for:  Gross domestic product, current prices (National currency) Population (Persons).","16,958.00","19,320.96","19,208.07","20,107.68","20,286.55","18,470.34","15,937.60","16,251.51","16,378.65","16,365.64","16,757.56","17,343.58","17,986.54","18,667.92","19,422.87",2017
TUN,Tunisia,"Gross domestic product per capita, current prices",U.S. dollars,Units,"See notes for:  Gross domestic product, current prices (National currency) Population (Persons).","4,140.47","4,256.84","4,137.57","4,198.85","4,274.47","3,827.64","3,665.80","3,452.67","3,421.78","3,287.09","3,327.72","3,159.34","3,170.99","3,367.88","3,631.06",2017
TUR,Turkey,"Gross domestic product per capita, current prices",U.S. dollars,Units,"See notes for:  Gross domestic product, current prices (National currency) Population (Persons).","10,475.57","11,140.95","11,552.69","12,395.37","12,022.18","10,914.89","10,817.39","10,551.14","9,405.32","8,957.89","9,683.57","10,635.82","11,373.64","11,901.69","12,489.90",2018
TKM,Turkmenistan,"Gross domestic product per capita, current prices",U.S. dollars,Units,"See notes for:  Gross domestic product, current prices (National currency) Population (Persons).","4,439.20","5,649.98","6,675.28","7,304.42","7,962.37","6,432.67","6,412.14","6,642.52","7,064.74","7,816.02","8,991.25","9,957.43","10,891.53","11,919.76","13,051.78",2004
TUV,Tuvalu,"Gross domestic product per capita, current prices",U.S. dollars,Units,"See notes for:  Gross domestic product, current prices (National currency) Population (Persons).","3,059.16","3,687.99","3,541.91","3,499.05","3,459.46","3,280.97","3,362.05","3,688.65","3,796.40","3,834.83","4,121.73","4,424.92","4,769.01","5,124.05","5,349.18",2012
UGA,Uganda,"Gross domestic product per capita, current prices",U.S. dollars,Units,"See notes for:  Gross domestic product, current prices (National currency) Population (Persons).",662.223,669.297,755.416,767.235,775.095,646.894,676.948,702.448,724.209,770.062,823.106,873.745,937.957,989.437,"1,097.65",2016
UKR,Ukraine,"Gross domestic product per capita, current prices",U.S. dollars,Units,"See notes for:  Gross domestic product, current prices (National currency) Population (Persons).","2,982.81","3,589.63","3,872.53","3,968.80","3,053.61","2,124.62","2,200.00","2,655.94","3,112.88","3,592.17","3,881.66","4,146.53","4,412.07","4,691.73","4,982.76",2018
ARE,United Arab Emirates,"Gross domestic product per capita, current prices",U.S. dollars,Units,"See notes for:  Gross domestic product, current prices (National currency) Population (Persons).","35,064.26","41,194.73","42,723.58","43,197.43","43,340.02","37,380.57","36,226.23","37,251.94","39,709.01","37,749.88","37,375.27","37,386.47","37,642.59","38,056.96","38,586.47",2005
GBR,United Kingdom,"Gross domestic product per capita, current prices",U.S. dollars,Units,"See notes for:  Gross domestic product, current prices (National currency) Population (Persons).","39,122.19","41,649.66","42,023.10","42,981.25","47,003.88","44,494.86","40,657.86","39,976.78","42,579.82","41,030.23","40,391.84","41,504.89","42,842.47","44,311.93","45,934.90",2018
USA,United States,"Gross domestic product per capita, current prices",U.S. dollars,Units,"See notes for:  Gross domestic product, current prices (National currency) Population (Persons).","48,402.58","49,825.50","51,556.17","53,061.24","55,010.07","56,787.46","57,901.07","59,999.51","62,868.92","65,111.60","67,426.84","69,643.84","71,760.35","73,953.43","76,252.11",2018
URY,Uruguay,"Gross domestic product per capita, current prices",U.S. dollars,Units,"See notes for:  Gross domestic product, current prices (National currency) Population (Persons).","11,859.90","14,054.33","14,961.68","16,723.45","16,572.36","15,365.96","15,139.12","17,046.21","17,014.13","17,029.25","17,818.92","18,877.95","19,549.34","20,372.90","21,200.61",2015
UZB,Uzbekistan,"Gross domestic product per capita, current prices",U.S. dollars,Units,"See notes for:  Gross domestic product, current prices (National currency) Population (Persons).","1,696.06","1,886.63","2,097.09","2,300.78","2,514.07","2,621.98","2,575.52","1,810.27","1,550.04","1,831.57","2,094.94","2,352.56","2,609.46","2,897.21","3,202.10",2017
VUT,Vanuatu,"Gross domestic product per capita, current prices",U.S. dollars,Units,"See notes for:  Gross domestic product, current prices (National currency) Population (Persons).","2,841.25","3,093.46","3,067.75","3,108.79","3,110.71","2,880.95","2,929.52","3,158.84","3,254.87","3,260.22","3,361.28","3,460.62","3,567.62","3,681.52","3,799.05",2017
VEN,Venezuela,"Gross domestic product per capita, current prices",U.S. dollars,Units,"See notes for:  Gross domestic product, current prices (National currency) Population (Persons).","10,324.75","11,548.91","11,293.13","7,869.44","7,029.89","10,568.10","9,092.02","4,755.03","3,410.85","2,547.76","2,427.50","2,409.43",n/a,n/a,n/a,2010
VNM,Vietnam,"Gross domestic product per capita, current prices",U.S. dollars,Units,"See notes for:  Gross domestic product, current prices (National currency) Population (Persons).","1,297.23","1,532.31","1,750.76","1,898.90","2,047.43","2,085.71","2,172.01","2,353.36","2,551.12","2,739.82","2,954.64","3,171.51","3,406.14","3,664.17","3,952.10",2016
YEM,Yemen,"Gross domestic product per capita, current prices",U.S. dollars,Units,"See notes for:  Gross domestic product, current prices (National currency) Population (Persons).","1,266.79","1,302.30","1,367.72","1,515.95","1,574.25","1,307.16",963.976,819.339,895.344,943.343,709.312,732.278,780.008,804.886,814.783,2017
ZMB,Zambia,"Gross domestic product per capita, current prices",U.S. dollars,Units,"See notes for:  Gross domestic product, current prices (National currency) Population (Persons).","1,456.16","1,635.51","1,724.71","1,839.54","1,727.03","1,310.35","1,252.70","1,500.65","1,503.40","1,307.03","1,236.19","1,203.47","1,179.29","1,160.27","1,147.79",2010
ZWE,Zimbabwe,"Gross domestic product per capita, current prices",U.S. dollars,Units,"See notes for:  Gross domestic product, current prices (National currency) Population (Persons).",975.851,"1,131.84","1,310.37","1,421.55","1,415.03","1,425.01","1,409.45","1,516.28","1,434.06",859.953,847.163,869.32,905.287,934.974,971.081,2012
,,,,,,,,,,,,,,,,,,,,,
"International Monetary Fund, World Economic Outlook Database, October 2019",,,,,,,,,,,,,,,,,,,,,
